id,judul,thumbnail,status,tahun,deskripsi,durasi,created_on,last_modified,user_create_id,user_update_id
1,2 Fast 2 Furious,film_images/film-default.jpg,Released,2003,"It's a major double-cross when former police officer Brian O'Conner teams up with his ex-con buddy Roman Pearce to transport a shipment of ""dirty"" money for shady Miami-based import-export dealer Carter Verone. But the guys are actually working with undercover agent Monica Fuentes to bring Verone down.",107,2023-05-05 13:27:00.539214,2023-05-06 07:32:33.520321,,
2,3 Idiots,film_images/0002.jpg,Released,2009,"Rascal. Joker. Dreamer. Genius... You've never met a college student quite like ""Rancho."" From the moment he arrives at India's most prestigious university, Rancho's outlandish schemes turn the campus upside down—along with the lives of his two newfound best friends. Together, they make life miserable for ""Virus,"" the school’s uptight and heartless dean. But when Rancho catches the eye of the dean's sexy daughter, Virus sets his sights on flunking out the ""3 idiots"" once and for all.",507,2023-05-05 14:09:07.862067,2023-05-06 07:32:38.110859,1,1
3,6 Underground,film_images/0003.jpg,Released,2019,"After faking his death, a tech billionaire recruits a team of international operatives for a bold and bloody mission to take down a brutal dictator.",120,2023-05-06 07:39:36.526339,2023-05-06 07:39:36.526388,,
4,"10,000 BC",film_images/0004.jpg,Released,2008,A prehistoric epic that follows a young mammoth hunter's journey through uncharted territory to secure the future of his tribe.,120,2023-05-06 07:43:56.159102,2023-05-07 11:35:12.779750,,
5,12 Strong,film_images/0005.jpg,Released,2018,A team of special forces head into Afghanistan in the aftermath of the September 11th attacks in an attempt to dismantle the Taliban.,120,2023-05-07 11:39:12.430243,2023-05-07 11:39:12.430267,,
6,12 Years a Slave,film_images/0006.jpg,Released,2013,"In the pre-Civil War United States, Solomon Northup, a free black man from upstate New York, is abducted and sold into slavery. Facing cruelty as well as unexpected kindnesses Solomon struggles not only to stay alive, but to retain his dignity. In the twelfth year of his unforgettable odyssey, Solomon’s chance meeting with a Canadian abolitionist will forever alter his life.",134,2023-05-07 11:39:12.430244,2023-05-07 11:39:12.430268,,
7,21 Bridges,film_images/0007.jpg,Released,2019,"An embattled NYPD detective, is thrust into a citywide manhunt for a pair of cop killers after uncovering a massive and unexpected conspiracy. As the night unfolds, lines become blurred on who he is pursuing, and who is in pursuit of him.",99,2023-05-07 11:39:12.430245,2023-05-07 11:39:12.430269,,
8,30 Days of Night: Dark Days,film_images/0008.jpg,Released,2010,"After surviving the incidents in Barrow, Alaska, Stella Olemaun relocates to Los Angeles, where she intentionally attracts the attention of the local vampire population in order to avenge the death of her husband, Eben.",92,2023-05-07 11:39:12.430246,2023-05-07 11:39:12.430270,,
9,47 Meters Down,film_images/0009.jpg,Released,2017,"Two sisters on Mexican vacation are trapped in a shark observation cage at the bottom of the ocean, with oxygen running low and great whites circling nearby, they have less than an hour of air left to figure out how to get to the surface.",89,2023-05-07 11:39:12.430247,2023-05-07 11:39:12.430271,,
10,127 Hours,film_images/0010.jpg,Released,2010,The true story of mountain climber Aron Ralston's remarkable adventure to save himself after a fallen boulder crashes on his arm and traps him in an isolated canyon in Utah.,94,2023-05-07 11:39:12.430248,2023-05-07 11:39:12.430272,,
11,2012,film_images/0011.jpg,Released,2009,"Dr. Adrian Helmsley, part of a worldwide geophysical team investigating the effect on the earth of radiation from unprecedented solar storms, learns that the earth's core is heating up. He warns U.S. President Thomas Wilson that the crust of the earth is becoming unstable and that without proper preparations for saving a fraction of the world's population, the entire race is doomed. Meanwhile, writer Jackson Curtis stumbles on the same information. While the world's leaders race to build ""arks"" to escape the impending cataclysm, Curtis struggles to find a way to save his family. Meanwhile, volcanic eruptions and earthquakes of unprecedented strength wreak havoc around the world.",158,2023-05-07 11:39:12.430249,2023-05-07 11:39:12.430273,,
12,Abigail,film_images/0012.jpg,Released,2018,"Abigail is a relationship fixer. It's her job to put the final nail in the coffin for couples who want things to end - for a price, of course - and she never feels bad about it. She believes all relationships are insidious and nobody is irreplaceable. Welcome to the first installment of this incredible story, where feelings are unimportant and the outcome is always messy.",110,2023-05-07 11:39:12.430250,2023-05-07 11:39:12.430274,,
13,About Time,film_images/0013.jpg,Released,2013,"The night after another unsatisfactory New Year's party, Tim's father tells his son that the men in his family have always had the ability to travel through time. They can't change history, but they can change what happens and has happened in their own lives. Thus begins the start of a lesson in learning to appreciate life itself as it is, as it comes, and most importantly, the people living alongside us.",123,2023-05-07 11:39:12.430251,2023-05-07 11:39:12.430275,,
14,Abraham Lincoln: Vampire Hunter,film_images/0014.jpg,Released,2012,"President Lincoln's mother is killed by a supernatural creature, which fuels his passion to crush vampires and their slave-owning helpers.",105,2023-05-07 11:39:12.430252,2023-05-07 11:39:12.430276,,
15,Acceleration,film_images/0015.jpg,Released,2019,"After being double crossed by his most trusted operative, a ruthless crime lord takes revenge by kidnapping the her son. Overwhelmed with fear, the operative is given one night to make up for her misdeeds by systematically eliminating his enemies. As the hours rush by, the steaks begin to rise and the darkened city streets turn into a brutal and bloody battle ground.",85,2023-05-07 11:39:12.430253,2023-05-07 11:39:12.430277,,
16,Ad Astra,film_images/0016.jpg,Released,2019,"The near future, a time when both hope and hardships drive humanity to look to the stars and beyond. While a mysterious phenomenon menaces to destroy life on planet Earth, astronaut Roy McBride undertakes a mission across the immensity of space and its many perils to uncover the truth about a lost expedition that decades before boldly faced emptiness and silence in search of the unknown.",123,2023-05-07 11:39:12.430254,2023-05-07 11:39:12.430278,,
17,After Earth,film_images/0017.jpg,Released,2013,"One thousand years after cataclysmic events forced humanity's escape from Earth, Nova Prime has become mankind's new home. Legendary General Cypher Raige returns from an extended tour of duty to his estranged family, ready to be a father to his 13-year-old son, Kitai. When an asteroid storm damages Cypher and Kitai's craft, they crash-land on a now unfamiliar and dangerous Earth. As his father lies dying in the cockpit, Kitai must trek across the hostile terrain to recover their rescue beacon. His whole life, Kitai has wanted nothing more than to be a soldier like his father. Today, he gets his chance.",100,2023-05-07 11:39:12.430255,2023-05-07 11:39:12.430279,,
18,Air Force One,film_images/0018.jpg,Released,1997,"Russian terrorists conspire to hijack the aircraft with the president and his family on board. The commander in chief finds himself facing an impossible predicament: give in to the terrorists and sacrifice his family, or risk everything to uphold his principles - and the integrity of the nation.",124,2023-05-07 11:39:12.430256,2023-05-07 11:39:12.430280,,
19,Alvin and the Chipmunks,film_images/0019.jpg,Released,2007,"A struggling songwriter named Dave Seville finds success when he comes across a trio of singing chipmunks: mischievous leader Alvin, brainy Simon, and chubby, impressionable Theodore.",92,2023-05-07 11:39:12.430257,2023-05-07 11:39:12.430281,,
20,Alvin and the Chipmunks: Chipwrecked,film_images/0020.jpg,Released,2011,"Playing around while aboard a cruise ship, the Chipmunks and Chipettes accidentally go overboard and end up marooned in a tropical paradise. They discover their new turf is not as deserted as it seems.",87,2023-05-07 11:39:12.430258,2023-05-07 11:39:12.430282,,
21,The Amazing Spider-Man,film_images/0021.jpg,Released,2012,"Peter Parker is an outcast high schooler abandoned by his parents as a boy, leaving him to be raised by his Uncle Ben and Aunt May. Like most teenagers, Peter is trying to figure out who he is and how he got to be the person he is today. As Peter discovers a mysterious briefcase that belonged to his father, he begins a quest to understand his parents' disappearance – leading him directly to Oscorp and the lab of Dr. Curt Connors, his father's former partner. As Spider-Man is set on a collision course with Connors' alter ego, The Lizard, Peter will make life-altering choices to use his powers and shape his destiny to become a hero.",136,2023-05-07 11:39:12.430259,2023-05-07 11:39:12.430283,,
22,Angel Has Fallen,film_images/0022.jpg,Released,2019,"After a treacherous attack, Secret Service agent Mike Banning is charged with attempting to assassinate President Trumbull. Chased by his own colleagues and the FBI, Banning begins a race against the clock to clear his name.",121,2023-05-07 11:39:12.430260,2023-05-07 11:39:12.430284,,
23,Annabelle,film_images/0023.jpg,Released,2014,A couple begins to experience terrifying supernatural occurrences involving a vintage doll shortly after their home is invaded by satanic cultists.,99,2023-05-07 11:39:12.430261,2023-05-07 11:39:12.430285,,
24,Annabelle Comes Home,film_images/0024.jpg,Released,2019,"Determined to keep Annabelle from wreaking more havoc, demonologists Ed and Lorraine Warren bring the possessed doll to the locked artifacts room in their home, placing her “safely” behind sacred glass and enlisting a priest’s holy blessing. But an unholy night of horror awaits as Annabelle awakens the evil spirits in the room, who all set their sights on a new target—the Warrens' ten-year-old daughter, Judy, and her friends.",106,2023-05-07 11:39:12.430262,2023-05-07 11:39:12.430286,,
25,Annabelle: Creation,film_images/0025.jpg,Released,2017,"Several years after the tragic death of their little girl, a doll maker and his wife welcome a nun and several girls from a shuttered orphanage into their home, soon becoming the target of the doll maker's possessed creation—Annabelle.",109,2023-05-07 11:39:12.430263,2023-05-07 11:39:12.430287,,
26,Aquaman,film_images/0026.jpg,Released,2018,"Once home to the most advanced civilization on Earth, Atlantis is now an underwater kingdom ruled by the power-hungry King Orm. With a vast army at his disposal, Orm plans to conquer the remaining oceanic people and then the surface world. Standing in his way is Arthur Curry, Orm's half-human, half-Atlantean brother and true heir to the throne.",143,2023-05-07 11:39:12.430264,2023-05-07 11:39:12.430288,,
27,Assassin's Creed,film_images/0027.jpg,Released,2016,"Through unlocked genetic memories that allow him to relive the adventures of his ancestor in 15th century Spain, Callum Lynch discovers he's a descendant of the secret 'Assassins' society. After gaining incredible knowledge and skills, he is now poised to take on the oppressive Knights Templar in the present day.",115,2023-05-07 11:39:12.430265,2023-05-07 11:39:12.430289,,
28,Avatar,film_images/0028.jpg,Released,2009,"In the 22nd century, a paraplegic Marine is dispatched to the moon Pandora on a unique mission, but becomes torn between following orders and protecting an alien civilization.",162,2023-05-07 11:39:12.430266,2023-05-07 11:39:12.430290,,
29,The Avengers,film_images/0029.jpg,Released,2012,"When an unexpected enemy emerges and threatens global safety and security, Nick Fury, director of the international peacekeeping agency known as S.H.I.E.L.D., finds himself in need of a team to pull the world back from the brink of disaster. Spanning the globe, a daring recruitment effort begins!",143,2023-05-07 11:39:12.430267,2023-05-07 11:39:12.430291,,
30,Hacker,film_images/0030.jpg,Released,2019,"13-year-old Benjamin discovers that his mother didn’t die in an accident as he was led to believe. The trail leads to high-ranking officials in the Danish Secret Service. ""Trust no one!"", he is told.",95,2023-05-07 11:39:12.430268,2023-05-07 11:39:12.430292,,
31,Happy Death Day 2U,film_images/0031.jpg,Released,2019,"Collegian Tree Gelbman wakes up in horror to learn that she's stuck in a parallel universe. Her boyfriend Carter is now with someone else, and her friends and fellow students seem to be completely different versions of themselves. When Tree discovers that Carter's roommate has been altering time, she finds herself once again the target of a masked killer. When the psychopath starts to go after her inner circle, Tree soon realizes that she must die over and over again to save everyone.",100,2023-05-07 11:39:12.430269,2023-05-07 11:39:12.430293,,
32,Herbie Fully Loaded,film_images/0032.jpg,Released,2005,"Maggie Peyton, the new owner of Number 53 - the free-wheelin' Volkswagen bug with a mind of its own - puts the car through its paces on the road to becoming a NASCAR competitor.",101,2023-05-07 11:39:12.430270,2023-05-07 11:39:12.430294,,
33,Home Alone,film_images/0033.jpg,Released,1990,"Eight-year-old Kevin McCallister makes the most of the situation after his family unwittingly leaves him behind when they go on Christmas vacation. But when a pair of bungling burglars set their sights on Kevin's house, the plucky kid stands ready to defend his territory. By planting booby traps galore, adorably mischievous Kevin stands his ground as his frantic mother attempts to race home before Christmas Day.",103,2023-05-07 11:39:12.430271,2023-05-07 11:39:12.430295,,
34,Home Alone 2: Lost in New York,film_images/0034.jpg,Released,1992,"Instead of flying to Florida with his folks, Kevin ends up alone in New York, where he gets a hotel room with his dad's credit card—despite problems from a clerk and meddling bellboy. But when Kevin runs into his old nemeses, the Wet Bandits, he's determined to foil their plans to rob a toy store on Christmas Eve.",120,2023-05-07 11:39:12.430272,2023-05-07 11:39:12.430296,,
35,Home Alone 3,film_images/0035.jpg,Released,1997,"9-year-old Alex Pruitt is home alone with the chicken pox. Turns out, due to a mix-up among nefarious spies, Alex was given a toy car concealing a top-secret microchip. Now Alex must fend off the spies as they try to break into his house to get it back.",102,2023-05-07 11:39:12.430273,2023-05-07 11:39:12.430297,,
36,Home Alone 4,film_images/0036.jpg,Released,2002,"Kevin McCallister's parents have split up. Now living with his mom, he decides to spend Christmas with his dad at the mansion of his father's rich girlfriend, Natalie. Meanwhile robber Marv Merchants, one of the villains from the first two movies, partners up with a new criminal named Vera to hit Natalie's mansion.",89,2023-05-07 11:39:12.430274,2023-05-07 11:39:12.430298,,
37,Home Alone: The Holiday Heist,film_images/0037.jpg,Released,2012,"8-year-old Finn is terrified to learn his family is relocating from sunny California to Maine in the scariest house he has ever seen! Convinced that his new house is haunted, Finn sets up a series of elaborate traps to catch the “ghost” in action. Left home alone with his sister while their parents are stranded across town, Finn’s traps catch a new target – a group of thieves who have targeted Finn’s house.",87,2023-05-07 11:39:12.430275,2023-05-07 11:39:12.430299,,
38,Home Sweet Home Alone,film_images/0038.jpg,Released,2021,"After being left at home by himself for the holidays, 10-year-old Max Mercer must work to defend his home from a married couple who tries to steal back a valuable heirloom.",93,2023-05-07 11:39:12.430276,2023-05-07 11:39:12.430300,,
39,Hulk,film_images/0039.jpg,Released,2003,"Bruce Banner, a genetics researcher with a tragic past, suffers massive radiation exposure in his laboratory that causes him to transform into a raging green monster when he gets angry.",138,2023-05-07 11:39:12.430277,2023-05-07 11:39:12.430301,,
40,It,film_images/0040.jpg,Released,2017,"In a small town in Maine, seven children known as The Losers Club come face to face with life problems, bullies and a monster that takes the shape of a clown called Pennywise.",135,2023-05-07 11:39:12.430278,2023-05-07 11:39:12.430302,,
41,It Chapter Two,film_images/0041.jpg,Released,2019,"27 years after overcoming the malevolent supernatural entity Pennywise, the former members of the Losers' Club, who have grown up and moved away from Derry, are brought back together by a devastating phone call.",169,2023-05-07 11:39:12.430279,2023-05-07 11:39:12.430303,,
42,Midsommar,film_images/0042.jpg,Released,2019,"Several friends travel to Sweden to study as anthropologists a summer festival that is held every ninety years in the remote hometown of one of them. What begins as a dream vacation in a place where the sun never sets, gradually turns into a dark nightmare as the mysterious inhabitants invite them to participate in their disturbing festive activities.",148,2023-05-07 11:39:12.430280,2023-05-07 11:39:12.430304,,
43,Ngeri-Ngeri Sedap,film_images/0043.jpg,Released,2022,A married couple stages their divorce in order to encourage their estranged adult children to return to their hometown.,114,2023-05-07 11:39:12.430281,2023-05-07 11:39:12.430305,,
44,Mission: Impossible,film_images/0044.jpg,Released,1996,"When Ethan Hunt, the leader of a crack espionage team whose perilous operation has gone awry with no explanation, discovers that a mole has penetrated the CIA, he's surprised to learn that he's the No. 1 suspect. To clear his name, Hunt now must ferret out the real double agent and, in the process, even the score.",110,2023-05-07 11:39:12.430282,2023-05-07 11:39:12.430306,,
45,Mission: Impossible - Fallout,film_images/0045.jpg,Released,2018,"When an IMF mission ends badly, the world is faced with dire consequences. As Ethan Hunt takes it upon himself to fulfill his original briefing, the CIA begin to question his loyalty and his motives. The IMF team find themselves in a race against time, hunted by assassins while trying to prevent a global catastrophe.",147,2023-05-07 11:39:12.430283,2023-05-07 11:39:12.430307,,
46,The Mummy,film_images/0046.jpg,Released,1999,Dashing legionnaire Rick O'Connell stumbles upon the hidden ruins of Hamunaptra while in the midst of a battle to claim the area in 1920s Egypt. It has been over three thousand years since former High Priest Imhotep suffered a fate worse than death as a punishment for a forbidden love—along with a curse that guarantees eternal doom upon the world if he is ever awoken.,110,2023-05-07 11:39:12.430284,2023-05-07 11:39:12.430308,,
47,Monster Trucks,film_images/0047.jpg,Released,2016,"Tripp is a high school senior with a knack for building trucks who makes an incredible discovery - a gas-guzzling creature named Creech. To protect his mischievous new friend, Tripp hides Creech under the hood of his latest creation, turning it into a real-life super-powered Monster Truck. Together, this unlikely duo with a shared taste for speed team up on a wild and unforgettable journey to reunite Creech with his family.",105,2023-05-07 11:39:12.430285,2023-05-07 11:39:12.430309,,
48,The Nun,film_images/0048.jpg,Released,2018,"When a young nun at a cloistered abbey in Romania takes her own life, a priest with a haunted past and a novitiate on the threshold of her final vows are sent by the Vatican to investigate. Together they uncover the order’s unholy secret. Risking not only their lives but their faith and their very souls, they confront a malevolent force in the form of the same demonic nun that first terrorized audiences in “The Conjuring 2” as the abbey becomes a horrific battleground between the living and the damned.",96,2023-05-07 11:39:12.430286,2023-05-07 11:39:12.430310,,
49,Titanic,film_images/0049.jpg,Released,1997,"101-year-old Rose DeWitt Bukater tells the story of her life aboard the Titanic, 84 years later. A young Rose boards the ship with her mother and fiancé. Meanwhile, Jack Dawson and Fabrizio De Rossi win third-class tickets aboard the ship. Rose tells the whole story from Titanic's departure through to its death—on its first and last voyage—on April 15, 1912.",194,2023-05-07 11:39:12.430287,2023-05-07 11:39:12.430311,,
50,Teen Spirit,film_images/0050.jpg,Released,2019,"A shy teenager living on the Isle of Wight dreams of pop stardom. With the help of an unlikely mentor, she enters a singing competition that will test her integrity, talent, and ambition.",92,2023-05-07 11:39:12.430288,2023-05-07 11:39:12.430312,,
51,Beyond the Boundary: I'll Be Here – Future,film_images/0051.jpg,Released,2015,"The battle is over, and they can go about their normal lives now... or so they thought. With no time to rejoice after miraculously saving Mirai from Beyond the Boundary, Mirai lost all her memories. Akihito, now a high school senior, starts to avoid Mirai thinking it’s for the better. Not aware of Akihito’s feelings, Mirai tries to get closer to Akihito. Then, someone who knows of Mirai appears in front of the two. With Akihito’s troubles in vain, Mirai once again sets forth on a battle that forces her to look within.",90,2023-05-07 11:39:12.430289,2023-05-07 11:39:12.430313,,
52,Beyond the Boundary: I'll Be Here – Past,film_images/0052.jpg,Released,2015,"It all began quite suddenly. Akihito, who appears human but is actually half yomu with the power to quickly heal himself, sees a freshman girl who appears ready to jump from the school rooftop. The girl, Mirai, who has the ability to manipulate blood, which is unique even among members of the spirit world, continues to fight her isolation. Akihito decides at that moment to save Mirai, but disturbing events soon begin to unfold.",90,2023-05-07 11:39:12.430290,2023-05-07 11:39:12.430314,,
53,Boruto: Naruto the Movie,film_images/0053.jpg,Released,2015,"Uzumaki Boruto has inherited the mischievous spirit and endless energy from his famous father. As he enters his Chunin exams, a harsh decision made by Naruto angers Boruto. This causes their personalities to clash and awakens a fierce ambition within the young shinobi to surpass his father with his own skills and techniques. But in order to do so, he will need the help of none other than Uchiha Sasuke. Although Boruto has convinced himself that he has what it takes to surpass him, he soon discovers that the road ahead is not nearly as simple as the young shinobi had envisioned.",95,2023-05-07 11:39:12.430291,2023-05-07 11:39:12.430315,,
54,Bubble,film_images/0054.jpg,Released,2022,"In an abandoned Tokyo overrun by bubbles and gravitational abnormalities, one gifted young man has a fateful meeting with a mysterious girl.",70,2023-05-07 11:39:12.430292,2023-05-07 11:39:12.430316,,
55,Children who Chase Lost Voices,film_images/0055.jpg,Released,2011,"Strange sounds in the darkness... Unearthly music from an old crystal radio... These are all the warning Asuna Watase has before a simple walk to her clubhouse catapults her into a nightmarish adventure that will take her beneath the Earth to a lost land beyond the realm of legend! Attacked by a strange monstrous creature, rescued by a mysterious stranger and pursued by a relentless enemy, Asuna finds herself enmeshed in a centuries old mystery that will bind her to a strange young defender and lead her inevitably, towards a secret that may hold the key to life itself! (Source: Sentai Filmworks)",116,2023-05-07 11:39:12.430293,2023-05-07 11:39:12.430317,,
56,Code Geass: Akito the Exiled - The Wyvern Divided,film_images/0056.jpg,Released,2013,"With her previous triumphs under her belt, Leila Malcal has now been promoted to Lieutenant Colonel and commanding officer of W-0. After having foiled an attempt to kidnap the General of the European army, she recruits the three perpetrators in order to make up for the lack of W-0's pilots. Ayano Kosaka, Yukiya Naruse, and ringleader Ryou Sayama accept, in hopes of finding a place to belong. When they are ordered to perform a commando raid by dropping into enemy lines, Leila decides to join them to prevent unnecessary casualties. As the unit rushes into the fight, Akito finds himself possessed by an uncontrollable lust for violence, slaughtering anyone that gets in his way. Little does he know, he is soon to come face to face with the one responsible for placing the bloodthirsty curse upon him, someone he is far too familiar with... (Source: MAL Rewrite)",60,2023-05-07 11:39:12.430294,2023-05-07 11:39:12.430318,,
57,Date A Bullet: Dead or Bullet & Nightmare or Queen,film_images/0057.jpg,Released,2020,The second part of Date A Bullet.,70,2023-05-07 11:39:12.430295,2023-05-07 11:39:12.430319,,
58,"Farewell, My Dear Cramer: First Touch",film_images/0058.jpg,Released,2021,"Based on a sport manga by Arakawa Naoshi.Onda Nozomi is a middle school student who is constantly sitting on the bench because her school only has a boy's soccer club and no girl's soccer club. Nozomi keeps pestering the coach to let her play, and she wants to take to the field during the upcoming season to prove that she can play just as well as any boy to Tani, a rival player and former childhood friend.Source: crunchyroll",105,2023-05-07 11:39:12.430296,2023-05-07 11:39:12.430320,,
59,Demon Slayer the Movie: Mugen Train,film_images/0059.jpg,Released,2020,"Based on an action fantasy shounen manga by Gotouge Koyoharu.Falling forever into an endless dream...Tanjirou and the group have completed their rehabilitation training at the Butterfly Mansion, and they arrive to their next mission on the Mugen Train, where over 40 people have disappeared in a very short period of time.Tanjirou and Nezuko, along with Zen'itsu and Inosuke, join one of the most powerful swordsmen within the Demon Slayer Corps, Flame Hashira Rengoku Kyoujurou, to face the demon aboard the Mugen Train on track to despair.Source: Official website",117,2023-05-07 11:39:12.430297,2023-05-07 11:39:12.430321,,
60,"Uchiage Hanabi, Shita kara Miru ka? Yoko kara Miru ka?",film_images/0060.jpg,Released,2017,"The film is set on one day during summer vacation, and follows a group of boys who try to view a fireworks display from the town lighthouse to see if they look round or flat when viewed from the side. Meanwhile, one of the boys, Norimichi, receives an invitation from his crush Nazuna to run away with her. (Source: Anime News Network)",90,2023-05-07 11:39:12.430298,2023-05-07 11:39:12.430322,,
61,The Garden of Words,film_images/0061.jpg,Released,2013,"Some people revel and play in the rain; others dread it and hide at the first drop. For high school student Takao, a summer shower is a source of artistic inspiration… but when he skips school in order to sketch in a rainy garden, Takao finds an even greater muse in Yukino, an older woman who seems adrift in the world. Despite the difference in their ages and lives, they strike up a comfortable relationship that slowly evolves as they randomly meet in the same garden whenever it rains. But with the rainy season coming to a close, Takao wonders if there's enough time left to put his feelings into actions and words. (Source: Sentai Filmworks)",46,2023-05-07 11:39:12.430299,2023-05-07 11:39:12.430323,,
62,Grisaia: Phantom Trigger the Animation (TV),film_images/0062.jpg,Released,2020,"While Rena and Maki recover from their injuries, the other SORD members jet off overseas for a school trip. Within moments of their arrival, though, the Mihama gang are pulled into a manhunt for a SORD deserter, assisted by student Sylvia and Velvet of St. Aile's International School. Tohka's the star of the show this time round, but she's wrestling with her own issues - old memories of her parents, and a promise to a friend that she wasn't able to keep... (Source: Frontwing)",60,2023-05-07 11:39:12.430300,2023-05-07 11:39:12.430324,,
63,Happy-Go-Lucky Days,film_images/0063.jpg,Released,2020,"A forbidden crush. An ex’s wedding. Burgeoning feelings for a childhood friend. Happy-Go-Lucky Days tells three universally frank stories about the young people of Japan on the bittersweet journey of adolescence. (Source: HIDIVE) The movie was streamed in advance on Chicago Asian Pop Up Cinema from September 15-19, 2020. Official theater release in Japan began on October 23, 2020.",44,2023-05-07 11:39:12.430301,2023-05-07 11:39:12.430325,,
64,Hello World,film_images/0064.jpg,Released,2019,"In Kyoto in the year 2027, Naomi Katagaki, a male high school student encounters a person who is claiming to be Naomi from 10 years in the future. Together, they must change the future and save a classmate, Ruri, whom the younger Naomi starts to date in three months.",97,2023-05-07 11:39:12.430302,2023-05-07 11:39:12.430326,,
65,Hotaru No Haka,film_images/0065.jpg,Released,1988,"In the latter part of World War II, Seita and his sister Setsuko, orphaned when their mother is killed in the firebombing of Tokyo, are left to survive on their own in what remains of civilian life in Japan. The unfortunate siblings do their best to survive in the Japanese countryside, battling hunger, prejudice, and pride in their own quiet, personal battle.",89,2023-05-07 11:39:12.430303,2023-05-07 11:39:12.430327,,
66,Howl's Moving Castle,film_images/0066.jpg,Released,2004,"Sophie Hatter, the eldest of three, is apprenticed to make hats for the people of Ingary, a place where spells, magic cloaks, and seven-league boots exist. She and all the young girls are warned to stay inside or be taken by Howl, the evil wizard whose black castle can be seen moving through the hills. After an encounter with a witch and with a spell cast on her to make her an old woman, Sophie goes to seek adventure. She heads towards Howl's moving castle where she will encounter things she had never imagined.Source: ANN",119,2023-05-07 11:39:12.430304,2023-05-07 11:39:12.430328,,
67,I Want to Eat Your Pancreas,film_images/0067.jpg,Released,2018,"Spring time in April and the last of the cherry blossoms are still in bloom. The usually aloof bookworm with no interest in others comes across a book in a hospital waiting room. Handwritten on the cover are the words: ""Living with Dying."" He soon discovers that it is a diary kept by his very popular and genuinely cheerful classmate, Sakura Yamauchi, who reveals to him that she is secretly suffering from a pancreatic illness and only has a limited time left. It is at this moment that she gains just one more person to share her secret. Trying to maintain a normal life as much as possible, Sakura is determined to live her life to the fullest until the very last day. As her free spirit and unpredictable actions throw him for a loop, his heart begins to gradually change. (Source: Aniplex USA)",108,2023-05-07 11:39:12.430305,2023-05-07 11:39:12.430329,,
68,In This Corner of the World,film_images/0068.jpg,Released,2016,"Newly-wed Urano Suzu moves to her new life in Kure City on the coast of Hiroshima Prefecture, where she perseveres through World War II with pluck and determination.Note: The movie premiered at Tokyo International Film Festival 2016. Regular cinematic release started on November 12.",129,2023-05-07 11:39:12.430306,2023-05-07 11:39:12.430330,,
69,Into the Forest of Fireflies' Light,film_images/0069.jpg,Released,2011,"The story of Hotarubi no Mori e centers around Hotaru, a little girl who gets lost in an enchanted forest where apparitions reside. A young boy, Gin, appears before Hotaru, but she cannot touch him for fear of making him disappear.",45,2023-05-07 11:39:12.430307,2023-05-07 11:39:12.430331,,
70,Is the Order a Rabbit?? Dear My Sister,film_images/0070.jpg,Released,2017,"Cocoa visits her family, in the mountains, after quite some time again after her sister Mocha wrote her, through a letter, to come back soon. Her friends will have to spend a week in the town without her, while Cocoa has time with her family that she hasn't seen for a long time. But Chino, Cocoa's self proclaimed little sister, wants to go watch, with Cocoa and all her friends, the fireworks in the fireworks festival, which is coming up in less than a week. Cocoa decides to return early as she misses them all, but will she arrive in time for the climax of the festival? (Source: TMDB)",60,2023-05-07 11:39:12.430308,2023-05-07 11:39:12.430332,,
71,"Josee, the Tiger and the Fish.",film_images/0071.jpg,Released,2020,"Based on Tanabe Seiko's short romantic story.Josee is physically disabled and cannot walk without a wheelchair, so she has spent her life like a doll living in her own imagination world. Tsuneo is a university student who has been chasing his dream. They meet by chance and are attracted to each other. Then, Josee decides to go with him to the outside world.Source: Crunchyroll",98,2023-05-07 11:39:12.430309,2023-05-07 11:39:12.430333,,
72,JUJUTSU KAISEN 0,film_images/0072.jpg,Released,2021,"Yuta Okkotsu is a nervous high school student who is suffering from a serious problem—his childhood friend Rika has turned into a curse and won't leave him alone. Since Rika is no ordinary curse, his plight is noticed by Satoru Gojo, a teacher at Jujutsu High, a school where fledgling exorcists learn how to combat curses. Gojo convinces Yuta to enroll, but can he learn enough in time to confront the curse that haunts him? (Source: Viz Media)",97,2023-05-07 11:39:12.430310,2023-05-07 11:39:12.430334,,
73,K-ON!: The Movie,film_images/0073.jpg,Released,2011,"With graduation right around the corner, every member of the Light Music Club except for Azusa will be leaving for good. But the girls aren’t going to let something as silly as graduation tear them apart! For their final hurrah, the girls are going on the ultimate vacation tour— all the way to London! Their overseas journey will lead them on a trip of discovery and friendship as they take the stage one last time for their final encore together. (Source: Sentai Filmworks)",110,2023-05-07 11:39:12.430311,2023-05-07 11:39:12.430335,,
74,Kaze Tachinu,film_images/0074.jpg,Released,2013,"A lifelong love of flight inspires Japanese aviation engineer Jiro Horikoshi, whose storied career includes the creation of the A-6M World War II fighter plane.",126,2023-05-07 11:39:12.430312,2023-05-07 11:39:12.430336,,
75,Kiki's Delivery Service,film_images/0075.jpg,Released,1989,"Kiki is thirteen years old, right at the age when a young witch in training is supposed to travel to another city and strike out for herself. It is a real test of responsibility and independence, and if Kiki can handle it for a year, she will be ready to undergo the rest of her education.So, with only a little money, her pet cat/confidante Jiji, and her mother's broom, Kiki makes her way to a big city by the sea, where witches have not been seen for years and the demand for them is not exactly significant. Being resourceful, Kiki starts the kind of business most suitable for a witch who can fly on a broom: an airborne package delivery service. As her fledgling business becomes more and more successful, she meets various friends who each teach her about independence, inspiration, and what to do on days when both seem to vanish.",103,2023-05-07 11:39:12.430313,2023-05-07 11:39:12.430337,,
76,"Kimi To, Nami Ni Noretara",film_images/0076.jpg,Released,2019,"Hinako is a surf-loving college student who has just moved to a small seaside town. When a sudden fire breaks out at her apartment building, she is rescued by Minato, a handsome firefighter, and the two soon fall in love. Just as they become inseparable, Minato loses his life in an accident at sea. Hinako is so distraught that she can no longer even look at the ocean, but one day she sings a song that reminds her of their time together, and Minato appears in the water. From then on, she can summon him in any watery surface as soon as she sings their song, but can the two really remain together forever? And what is the real reason for Minato's sudden reappearance?",94,2023-05-07 11:39:12.430314,2023-05-07 11:39:12.430338,,
77,KINMOZA! Pretty Days,film_images/0077.jpg,Released,2016,"One of the best parts about being in a group of friends is that you usually have a couple of guardian angels watching over you. So, when Shinobu has to both write a script as well as make costumes for a play for the school festival, it doesn't take long for her classmates to realize that someone might have bitten off more than she can chew. Or write and sew, in this case. Fortunately for Shinobu's theatrical future, Alice, Yoko, and Aya are glad to pitch in, and that allows for a chance to reflect on their experiences in the days before Alice arrived. Will everything be finished in time, or will the audience be in stitches because of the ones coming apart onstage? (Source: Sentai Filmworks)",59,2023-05-07 11:39:12.430315,2023-05-07 11:39:12.430339,,
78,KONOSUBA -God's blessing on this wonderful world!- Legend of Crimson,film_images/0078.jpg,Released,2019,"A video game-loving shut-in, Satou Kazuma's life should've ended when he was hit by a truck, but through a twist of fate, he ends up reincarnating in another world--and dragging the troublemaking goddess, Aqua, the wildly dorky mage, Megumin, and the unrelentingly delusional lady knight, Darkness, with him. Now, the Crimson Demon village that Megumin and Yunyun are from is facing a threat that could mean its ending. Kazuma and his gang follow Yunyun, who returns to the Crimson Demon village intent on saving it... when they are faced with their greatest threat yet! What will become of the unremarkable adventurer Kazuma's life in another world?! (Source: Crunchyroll)",90,2023-05-07 11:39:12.430316,2023-05-07 11:39:12.430340,,
79,Laid-Back Camp the Movie,film_images/0079.jpg,Released,2022,"Based on Afro's slow outdoor seinen manga.Shima Rin has left her hometown in Yamanashi to live on her own in Nagoya while working for a small publishing company there. On one winter's weekend in the not-too-distant future, as she's planning a bike tour, she unexpectedly receives a message from an old high school friend, Oogaki Chiaki, saying she's currently in Nagoya. Chiaki now works for an organization promoting tourism in Yamanashi, and she's in charge of a project to reopen a facility that was closed a few years ago. When Rin casually suggests that such a large property would make a good campground, Chiaki is inspired. She gathers up all of their old camping buddies—Kagamihara Nadeshiko, who works at an outdoor goods store in Tokyo; Inuyama Aoi, who's now an elementary school teacher in their hometown of Yamanashi; and Saitou Ena, who works at a dog grooming salon in Yokohama—and the campground-opening project is set in motion. So the story of five outdoorsy girls who became friends thanks to their shared love of camping begins once more, taking on a new challenge with the knowledge and experience they've gained.Source: Crunchyroll",77,2023-05-07 11:39:12.430317,2023-05-07 11:39:12.430341,,
80,The Last: Naruto the Movie,film_images/0080.jpg,Released,2014,"Two years after the events of the Fourth Great Ninja War, the moon that Hagoromo Otsutsuki created long ago to seal away the Gedo Statue begins to descend towards the world, threatening to become a meteor that would destroy everything on impact. Amidst this crisis, a direct descendant of Kaguya Otsutsuki named Toneri Otsutsuki attempts to kidnap Hinata Hyuga but ends up abducting her younger sister Hanabi. Naruto and his allies now mount a rescue mission before finding themselves embroiled in a final battle to decide the fate of everything.",112,2023-05-07 11:39:12.430318,2023-05-07 11:39:12.430342,,
81,Liz and the Blue Bird,film_images/0081.jpg,Released,2018,"Students and best friends Mizore Yoroizuka and Nozomi Kasaki prepare to play a complex musical duet, Liz and the Blue Bird, for oboe and flute. Though they play beautifully together and have been friends since childhood, Mizore and Nozomi find that with graduation looming and the duet proving difficult, their friendship begins to buckle under the pressure. Interspersed with their story is the fantasy tale of Liz, drawn like a storybook, contrasting with the crisp realism of the school. (Source: Shout! Factory)",90,2023-05-07 11:39:12.430319,2023-05-07 11:39:12.430343,,
82,"Love Me, Love Me Not",film_images/0082.jpg,Released,2020,"The story centers around Yuna and Akari who have two very different views of love: Yuna is someone who sees love as a dream and Akari is someone who is very realistic about her romance choices. Meanwhile, there are two boys, Kazuomi and Rio, who also have different views of love: Kazuomi's an airhead and doesn't understand the concept of love, while Rio grabs the opportunity when confessed to as long as the girl looks cute.",103,2023-05-07 11:39:12.430320,2023-05-07 11:39:12.430344,,
83,"Love, Chunibyo & Other Delusions: Take on Me",film_images/0083.jpg,Released,2018,"Rikka is now a third-year student, but she still has ""chuunibyou"" syndrome. University entrance exams loom on the horizon, and it's spring break, and Yuuta and Rikka are together as usual. One day, Rikka's older sister Touka declares that she's going to take Rikka to Italy with her, as Touka is moving to Italy for work and she thinks they should move together as a family. Yuuta understands Touka's opinion, but thinks that at this rate he and Rikka will be separated. Shinka and the other members suggest that Yuuta and Rikka should ""elope,"" and thus sets the stage for Yuuta and Rikka's travels throughout Japan in their escape drama. (Source: Anime News Network)",94,2023-05-07 11:39:12.430321,2023-05-07 11:39:12.430345,,
84,Mai-Mai Miracle,film_images/0084.jpg,Released,2009,"The story is set in 1955 in Kokuga, Hofu City, Yamaguchi Prefecture. One thousand years ago it was the site of the ancient capital, Suo no Kuni, and traces of the Heian Period (year 794-1185) are passed down to us in the form of ruins and historical place names. The protagonist is Shinko, a third grade elementary school student, who was born and raised in one of the town's venerable families. She is a little girl whose characteristic is a strange curl on her forehead (she calls it her ""Mai Mai""), and her love for playing in the fields. On the other hand, her secret joy is to imagine and to daydream about the world of one thousand years ago. Her fantasies travel far into the days of the Heian Period… One day, a girl called Kiiko transfers from Tokyo and enters Shinko's class. This girl from the big city has difficulty feeling at home in this small town, but gradually her friendship with Shinko deepens. Before long, the two of them become engulfed in a strange incident of one thousand years earlier...?!",95,2023-05-07 11:39:12.430322,2023-05-07 11:39:12.430346,,
85,Maquia: When the Promised Flower Blooms,film_images/0085.jpg,Released,2018,"The people of Iorph live far away from the lands of men, weaving the happenings of each day into a fabric called Hibiol. They live for centuries while maintaining their youthful appearance. Maquia, an orphaned Iorph girl, lives her life in an oasis surrounded by friends, yet somehow feels “alone”. But the tranquil lives of the Iorph are shattered in an instant when the Mezarte army invades their territory on a dragon fleet, seeking the blood that grants the Iorph long life. Maquia manages to escape, but loses her friends and her home in the chaos. She then encounters an orphaned baby who is “alone”. Maquia raises this boy ""Ariel"", with the help of some new friends. But as the era changes, the bond between Maquia and Ariel changes too, amidst a backdrop of racial tensions between the Iorph and the Mezarte. This is a story of irreplaceable time, woven by two lonely people who can only find solace in each other. (Source: Eleven Arts)",115,2023-05-07 11:39:12.430323,2023-05-07 11:39:12.430347,,
86,Misaki No Mayoiga,film_images/0086.jpg,Released,2021,"17-year-old run-away Yui and 8-year-old Hiyori, who lost her family and her voice, have no place to go when they run into Kiwa, a strange old lady. She offers them a place to stay, in a slightly banged-up old house overlooking the sea, a Mayoiga. Despite joining Kiwa on a whim, the two girls find comfort in Mayoiga, a legendary house, said to look after lost travelers, and the warm hospitality of Kiwa. Both girls' damaged hearts begin to heal little by little. Until one day, a variety of strange beings which Kiwa calls “Fushigitto” begin popping up around the house. (Source: Eleven Arts)",100,2023-05-07 11:39:12.430324,2023-05-07 11:39:12.430348,,
87,My Hero Academia: Heroes Rising,film_images/0087.jpg,Released,2019,"The second installment in the Boku no Hero Academia movie franchise. The aspiring heroes of UA Class 1-A have been given a new training opportunity during their winter break: To establish and maintain their own professional Hero Agency on the idyllic island of Nabu far off the coast of Japan. There, they'll experience the everyday travails of being heroes, for the first time without the support of their instructors or chaperons. It's a challenging assignment, but one the plucky students of UA are more than equipped to face – that is, until the arrival of a team of villains lead by the ruthless Nine and his eerily familiar quirk. Cut off from any backup and facing their greatest threat yet, it's up to Deku, Bakugo, and their classmates to face unspeakable danger to protect not only the people of the island, but the future of all Hero society. (Source: Anime News Network)",104,2023-05-07 11:39:12.430325,2023-05-07 11:39:12.430349,,
88,"No Game, No Life Zero",film_images/0088.jpg,Released,2017,"A movie adaptation of the sixth volume of the light novel series announced at the MF Bunko J Summer School Festival 2016 event. Six thousand years before Sora and Shiro were even a blink in the history of Disboard, war consumed the land, tearing apart the heavens, destroying stars, and even threatening to wipe out the human race. Amid the chaos and destruction, a young man named Riku leads humanity toward the tomorrow his heart believes in. One day, in the ruins of an Elf city, he meets Schwi, a female exiled ""Ex Machina"" android who asks him to teach her what it means to have a human heart. (Source: Sentai Filmworks)",106,2023-05-07 11:39:12.430326,2023-05-07 11:39:12.430350,,
89,Non Non Biyori: Vacation,film_images/0089.jpg,Released,2018,"The movie for Non Non Biyori series. Summer vacation is drawing to an end. When Suguru wins a free trip to Okinawa, all of the five students of Asahigaoka branch school are excited to end their vacation with a bang. Along with Hikage, Konomi, and their teacher and the candy store owner, everyone goes to Okinawa for a fun three-day trip. There, Natsumi makes friends with Aoi, the girl who helps out at the hotel they stay in.",71,2023-05-07 11:39:12.430327,2023-05-07 11:39:12.430351,,
90,One Piece Film: Red,film_images/0090.jpg,Released,2022,"Uta — the most beloved singer in the world. Her voice, which she sings with while concealing her true identity, has been described as ""otherworldly.""She will appear in public for the first time at a live concert. As the venue fills with all kinds of Uta fans — excited pirates, the Navy watching closely, and the Straw Hats led by Luffy who simply came to enjoy her sonorous performance — the voice that the whole world has been waiting for is about to resound. The story begins with the shocking fact that she is ""Shanks' daughter.""Uta stands on the stage, with the ordinary wish of ""Making the world happy with my music."" There's Gordon, a mysterious character who knows Uta's past, and glimpses of Shanks' shadow. On Elegia, the island of music, Luffy and Uta reunite for the first time since they last met 12 years ago in Foosha Village.Source: Official Website",108,2023-05-07 11:39:12.430328,2023-05-07 11:39:12.430352,,
91,Over the Sky,film_images/0091.jpg,Released,2020,"Mio has feelings for Shin, and always thinks about him, but has never been able to tell him how she feels. One day, they get into an argument over something trivial, and sometime afterward, Mio decides to make up with him. As she heads to Shin while being drenched by the rain, she gets into a traffic accident. When Mio regains consciousness, she finds herself in a new and unfamiliar world.Source: ANN",90,2023-05-07 11:39:12.430329,2023-05-07 11:39:12.430353,,
92,Patema Inverted,film_images/0092.jpg,Released,2013,"In an underground world where tunnels extend everywhere, even though they live in dark and confined spaces, people wear protective clothes and lead quiet and enjoyable lives. Patema, a princess in her underground village, loves to explore the tunnels. Her favorite place is a ""danger zone"" that her village prohibits people from entering. Even though she's scolded, Patema's curiosity can't be held back. No one ever explained what the supposed danger was. On her usual trip to the ""danger zone,"" Patema faces unexpected events. When hidden secrets come to light, the story begins to unfold. (Source: Anime News Network)",99,2023-05-07 11:39:12.430330,2023-05-07 11:39:12.430354,,
93,Ponyo on the Cliff by the Sea,film_images/0093.jpg,Released,2008,"A young boy, Sousuke, befriends a strange looking goldfish whom he names Ponyo. Unbeknownst to Sousuke, Ponyo is a magic fish who has decided that she wants to live with Sousuke and the other humans. Unfortunately, Ponyo's decision to give up her underwater life creates a crack in an ancient magic spell, and places the world in danger. Together, Sousuke and Ponyo must set things right.Source: ANN",101,2023-05-07 11:39:12.430331,2023-05-07 11:39:12.430355,,
94,The Quintessential Quintuplets Movie,film_images/0094.jpg,Released,2022,"When five lovely young girls who hate studying hire part-time tutor Futaro, he guides not only their education but also their hearts. Time spent has brought them all closer, with feelings growing within the girls and Futaro. As they finish their third year of high school and their last school festival approaches, they set their sights on what’s next. Is there a future with one of them and Futaro?",96,2023-05-07 11:39:12.430332,2023-05-07 11:39:12.430356,,
95,Rascal Does Not Dream of a Dreaming Girl,film_images/0095.jpg,Released,2019,"In Fujisawa, where the skies are bright and the seas glisten, Sakuta Azusagawa is in his second year of high school. His blissful days with his girlfriend and upperclassman, Mai Sakurajima, are interrupted with the appearance of his first crush, Shouko Makinohara. For reasons unknown, he encounters two Shouko's: one in middle school and another who has become an adult. As Sakuta finds himself helplessly living with the Shouko's, the adult Shouko leads him around by the nose, causing a huge rift in his relationship with Mai. In the midst of all of this, he discovers that the middle school Shouko is suffering from a grave illness and his scar begins to throb... (Source: Aniplex USA)",90,2023-05-07 11:39:12.430333,2023-05-07 11:39:12.430357,,
96,Re:ZERO -Starting Life in Another World- OVAs,film_images/0096.jpg,Released,2018,"Episode 1 - Memory Snow Subaru Natsuki finally gets to take a breather, but he does not waste any time as he prepares for a date with his beloved Emilia. He scouts the nearby village for the right dating spot, and with the help of the village children, he finds a wonderful location. With that, he is well prepared for his date! Unfortunately for Subaru, cold weather suddenly sweeps across Roswaal's mansion on his important day, leaving him with no choice but to postpone the date. Overnight, it becomes even colder and unbearable. Subaru must get to the bottom of this because, at this rate, his date will be the least of his worries. Episode 2 - The Frozen Bond Covered in ice and snow, Elior Forest is the home to dangerous magical beasts and 50 elves frozen in ice. One day, the great spirit Puck helps a young girl break out of her ice prison. Her name is Emilia, a half-elf born with silver hair, long ears, and amethyst eyes—features that resemble the evil Witch who destroyed half the world long ago. Shunned by society because of her appearance, Emilia dwells in the forest with Puck as her sole companion and family. Burdened with a sin of destruction she does not remember committing, she spends her days trying to find a way to help her frozen kin. But when the great spirit Melakuera, the Arbitrator of the world, finds Emilia, her right to stay alive is brought into question. Will the bonds of ice she formed with Puck prove to be the warm thread that defies fate?",25,2023-05-07 11:39:12.430334,2023-05-07 11:39:12.430358,,
97,Saekano the Movie: Finale,film_images/0097.jpg,Released,2019,"After Eriri and Utaha leave Blessing Software, Tomoya and Megumi work alongside Izumi, Michiru, and Hashima in order to create their next game together: ""How to Raise a Boring Girlfriend."" However, Tomoya is stuck when it comes to writing the main heroine Meguri's route. And to make things even more complicated, Eriri and Utaha are encountering troubles on their own after a series of complications around their work on Fields Chronicle. Can Tomoya maintain his commitments to both Megumi and Blessing Software, as well as Eriri and Utaha? (Source: Anime News Network)",119,2023-05-07 11:39:12.430335,2023-05-07 11:39:12.430359,,
98,A Silent Voice,film_images/0098.jpg,Released,2016,"After transferring into a new school, a deaf girl, Shouko Nishimiya, is bullied by the popular Shouya Ishida. As Shouya continues to bully Shouko, the class turns its back on him. Shouko transfers and Shouya grows up as an outcast. Alone and depressed, the regretful Shouya finds Shouko to make amends. (Source: Eleven Arts)",130,2023-05-07 11:39:12.430336,2023-05-07 11:39:12.430360,,
99,Spirited Away,film_images/0099.jpg,Released,2001,"For the 10-year-old Chihiro and her family, a mysterious tunnel and haunted town located in everyday Japan lead to the Land of Spirits, inhabited by gods and monsters and ruled by the greedy witch Yubaaba. Chihiro's parents are transformed into pigs; to rescue them, she must surrender her name and serve in this world. Luckily she finds friends and allies, including the handsome but mysterious boy Haku. Initially sulky and listless, Chihiro (or Sen, as she is now called) finds inner strength and establishes an identity in this strange world. But can she win back her name and return home?Source: AnimeNfo",125,2023-05-07 11:39:12.430337,2023-05-07 11:39:12.430361,,
100,Your Name.,film_images/0100.jpg,Released,2016,"Collaboration commercials with Suntory and Kimi no Na wa.. The ""Mitsuha no Omoi"" (Mitsuha's Thoughts) commercial shows the character Mitsuha Miyamizu drinking SUNTORY Minami Alps Tennensui Yogurina, which is yogurt-flavored mineral water. The ""Taki no Omoi"" (Taki's Thoughts) commercial shows the character Taki Tachibana drinking SUNTORY Minami Alps Ten'nensui, which is mineral water. The ""Kasanaru Omoi"" (Overlap Thoughts) commercial shows both Taki and Mitsuha combining their thoughts through mixed dialogue with some alternative footage and a new song. (Source: Anime News Network)",106,2023-05-07 11:39:12.430338,2023-05-07 11:39:12.430362,,
